a	1	啊	1144
a	1	腌	14
a	1	阿	103
ai	1	哀	172
ai	1	哎	23
ai	1	唉	36
ai	1	埃	32
ai	1	挨	97
an	1	安	1234
an	1	庵	110
an	1	谙	8
an	1	鞍	10
an	1	鹌	4
ang	1	肮	6
ao	1	凹	14
ao	1	熬	62
ba	1	八	587
ba	1	叭	1
ba	1	吧	723
ba	1	巴	299
ba	1	扒	20
ba	1	疤	74
ba	1	笆	10
ba	1	芭	13
ba	1	豝	3
bai	1	掰	23
ban	1	扳	19
ban	1	搬	118
ban	1	斑	24
ban	1	班	161
ban	1	瘢	1
ban	1	癍	2
ban	1	般	742
ban	1	颁	3
bang	1	帮	289
bang	1	梆	8
bang	1	邦	58
bao	1	剥	45
bao	1	包	473
bao	1	孢	1
bao	1	枹	2
bao	1	煲	4
bao	1	胞	21
bao	1	苞	26
bao	1	褒	8
bao	1	龅	1
bei	1	卑	30
bei	1	悲	391
bei	1	杯	334
bei	1	碑	12
bei	1	陂	9
ben	1	奔	281
beng	1	嘣	6
beng	1	崩	35
beng	1	祊	1
beng	1	绷	11
bi	1	屄	1
bi	1	楅	1
bi	1	逼	211
bian	1	砭	1
bian	1	笾	12
bian	1	编	89
bian	1	萹	1
bian	1	蝙	3
bian	1	边	1766
bian	1	鞭	54
bian	1	鳊	7
biao	1	儦	6
biao	1	彪	26
biao	1	标	44
biao	1	滮	1
biao	1	瀌	2
biao	1	熛	1
biao	1	猋	2
biao	1	镖	1
biao	1	镳	5
biao	1	飙	1
biao	1	飚	1
bie	1	憋	14
bie	1	瘪	3
bie	1	鳖	9
bin	1	傧	4
bin	1	宾	62
bin	1	彬	13
bin	1	槟	7
bin	1	滨	4
bin	1	濒	1
bin	1	缤	13
bin	1	豳	6
bin	1	镔	3
bing	1	兵	515
bing	1	冰	508
bing	1	掤	2
bo	1	嶓	1
bo	1	拨	118
bo	1	播	15
bo	1	波	163
bo	1	玻	33
bo	1	钵	10
bo	1	饽	5
bu	1	晡	1
bu	1	逋	1
bu	1	餔	1
ca	1	嚓	5
ca	1	擦	133
cai	1	偲	2
cai	1	猜	186
can	1	参	176
can	1	餐	18
can	1	骖	13
cang	1	仓	53
cang	1	沧	35
cang	1	舱	14
cang	1	苍	223
cang	1	鸧	7
cao	1	操	129
cao	1	糙	6
ceng	1	噌	1
cha	1	叉	50
cha	1	插	143
cha	1	杈	3
chai	1	拆	46
chai	1	钗	1116
chan	1	掺	11
chan	1	搀	90
chan	1	梴	1
chan	1	襜	1
chan	1	觇	1
chang	1	娼	20
chang	1	昌	37
chang	1	猖	11
chang	1	菖	6
chang	1	阊	4
chao	1	弨	3
chao	1	怊	4
chao	1	抄	107
chao	1	超	139
chao	1	钞	1
che	1	车	441
chen	1	嗔	34
chen	1	琛	3
cheng	1	撑	143
cheng	1	柽	1
cheng	1	瞠	5
cheng	1	称	337
cheng	1	蛏	1
cheng	1	赪	2
cheng	1	頳	1
chi	1	吃	2419
chi	1	哧	11
chi	1	嗤	26
chi	1	摛	1
chi	1	痴	198
chi	1	笞	3
chi	1	絺	6
chi	1	蚩	7
chi	1	螭	11
chi	1	鸱	12
chong	1	充	89
chong	1	冲	609
chong	1	忡	17
chong	1	憧	1
chong	1	罿	2
chong	1	舂	1
chong	1	艟	1
chou	1	䌷	1
chou	1	抽	201
chou	1	瘳	3
chu	1	出	6672
chu	1	初	438
chu	1	樗	4
chuan	1	川	37
chuan	1	穿	511
chuang	1	疮	9
chuang	1	窗	218
chui	1	吹	168
chui	1	炊	10
chun	1	春	1211
chun	1	椿	3
chun	1	輴	3
chuo	1	戳	73
chuo	1	逴	4
ci	1	玼	3
ci	1	疵	4
cong	1	匆	67
cong	1	枞	1
cong	1	聪	88
cong	1	葱	18
cong	1	骢	1
cu	1	粗	107
cuan	1	撺	10
cuan	1	蹿	12
cui	1	催	149
cui	1	崔	34
cui	1	摧	24
cun	1	村	339
cun	1	皴	1
cuo	1	搓	25
cuo	1	撮	14
cuo	1	瑳	5
cuo	1	磋	8
da	1	哒	15
da	1	搭	110
da	1	耷	4
da	1	褡	2
dai	1	呆	382
dan	1	丹	90
dan	1	单	451
dan	1	担	269
dan	1	殚	5
dan	1	眈	2
dan	1	箪	1
dan	1	耽	75
dan	1	郸	3
dan	1	酖	1
dang	1	当	1704
dang	1	珰	1
dang	1	筜	1
dang	1	裆	2
dang	1	铛	23
dao	1	刀	437
dao	1	忉	12
deng	1	噔	6
deng	1	灯	337
deng	1	登	191
deng	1	蹬	25
di	1	低	450
di	1	堤	17
di	1	氐	2
di	1	滴	203
di	1	羝	1
dian	1	巅	22
dian	1	掂	9
dian	1	滇	1
dian	1	瘨	2
dian	1	癫	17
dian	1	颠	89
diao	1	凋	9
diao	1	刁	27
diao	1	叼	3
diao	1	彫	1
diao	1	貂	12
diao	1	雕	61
die	1	爹	178
die	1	跌	59
ding	1	丁	84
ding	1	仃	4
ding	1	叮	46
ding	1	玎	1
ding	1	疔	3
ding	1	盯	27
ding	1	钉	133
diu	1	丢	227
dong	1	东	2280
dong	1	冬	74
dong	1	咚	28
dong	1	涷	1
dong	1	蝀	4
dou	1	兜	33
du	1	嘟	71
du	1	督	13
du	1	都	5938
du	1	阇	2
duan	1	端	354
dui	1	堆	109
dun	1	墩	8
dun	1	敦	16
dun	1	蹲	64
duo	1	咄	9
duo	1	哆	20
duo	1	多	3212
duo	1	掇	17
e	1	婀	2
e	1	屙	1
ei	1	诶	3
en	1	恩	452
fa	1	发	2205
fan	1	帆	9
fan	1	幡	18
fan	1	番	198
fan	1	翻	395
fan	1	藩	19
fang	1	坊	58
fang	1	方	2720
fang	1	枋	1
fang	1	芳	332
fei	1	妃	183
fei	1	扉	1
fei	1	绯	24
fei	1	菲	19
fei	1	霏	8
fei	1	非	558
fei	1	飞	927
fei	1	騑	9
fen	1	分	1554
fen	1	吩	227
fen	1	氛	11
fen	1	纷	179
fen	1	芬	15
fen	1	雰	5
fen	1	餴	1
feng	1	丰	135
feng	1	封	395
feng	1	峰	49
feng	1	枫	5
feng	1	疯	159
feng	1	葑	7
feng	1	蜂	41
feng	1	锋	41
feng	1	风	1558
fu	1	夫	2153
fu	1	孵	4
fu	1	敷	35
fu	1	肤	48
fu	1	趺	1
fu	1	麸	1
ga	1	嘎	10
gai	1	该	914
gan	1	尴	21
gan	1	干	918
gan	1	杆	34
gan	1	漧	1
gan	1	玕	1
gan	1	甘	118
gan	1	矸	1
gan	1	竿	48
gan	1	肝	68
gang	1	冈	67
gang	1	刚	747
gang	1	纲	30
gang	1	缸	18
gang	1	罡	6
gang	1	肛	1
gang	1	钢	23
gao	1	槔	2
gao	1	櫜	2
gao	1	皋	13
gao	1	篙	12
gao	1	糕	41
gao	1	羔	40
gao	1	膏	53
gao	1	高	1190
gao	1	鼛	2
ge	1	割	100
ge	1	哥	1320
ge	1	戈	24
ge	1	搁	99
ge	1	歌	137
ge	1	疙	19
ge	1	胳	24
ge	1	鸽	3
gen	1	根	473
gen	1	跟	1486
geng	1	庚	28
geng	1	更	1597
geng	1	羹	43
geng	1	耕	10
gong	1	供	155
gong	1	公	984
gong	1	功	277
gong	1	宫	388
gong	1	工	213
gong	1	弓	76
gong	1	恭	121
gong	1	攻	187
gong	1	肱	1
gong	1	蚣	2
gong	1	觥	9
gong	1	躬	50
gong	1	龚	3
gou	1	佝	2
gou	1	勾	158
gou	1	沟	17
gou	1	篝	5
gou	1	钩	60
gu	1	估	32
gu	1	咕	82
gu	1	姑	1427
gu	1	孤	143
gu	1	沽	7
gu	1	箍	12
gu	1	罛	2
gu	1	菇	13
gu	1	菰	1
gu	1	觚	2
gu	1	辜	70
gu	1	酤	4
gu	1	鸪	2
gua	1	刮	38
gua	1	呱	18
gua	1	栝	1
gua	1	瓜	85
gua	1	騧	2
gua	1	鸹	9
guai	1	乖	118
guan	1	倌	3
guan	1	关	598
guan	1	冠	54
guan	1	官	1071
guan	1	棺	37
guan	1	莞	6
guan	1	观	273
guan	1	鳏	6
guang	1	光	1021
guang	1	咣	3
guang	1	洸	4
guang	1	胱	1
gui	1	圭	12
gui	1	归	511
gui	1	珪	12
gui	1	瑰	28
gui	1	皈	5
gui	1	袿	2
gui	1	规	147
gui	1	闺	52
gui	1	龟	22
guo	1	聒	9
guo	1	蝈	12
guo	1	郭	23
guo	1	锅	34
ha	1	哈	352
hai	1	咍	1
han	1	憨	22
han	1	犴	1
han	1	酣	11
han	1	顸	1
han	1	鼾	3
hang	1	夯	5
hao	1	蒿	14
hao	1	薅	1
he	1	呵	186
he	1	喝	568
he	1	嗬	1
hei	1	嘿	80
hei	1	黑	419
heng	1	亨	7
heng	1	哼	260
hong	1	哄	159
hong	1	烘	14
hong	1	薨	22
hong	1	轰	36
hu	1	乎	732
hu	1	呼	379
hu	1	唿	4
hu	1	幠	2
hu	1	忽	607
hu	1	惚	58
hu	1	曶	2
hu	1	糊	349
hu	1	膴	4
hua	1	花	6261
huan	1	欢	615
huan	1	獾	4
huan	1	讙	2
huang	1	慌	376
huang	1	肓	4
huang	1	荒	396
hui	1	徽	8
hui	1	恢	168
hui	1	挥	176
hui	1	晖	3
hui	1	灰	125
hui	1	睢	4
hui	1	翚	1
hui	1	袆	1
hui	1	诙	3
hui	1	辉	63
hui	1	隳	2
hui	1	麾	7
hun	1	婚	63
hun	1	惛	3
hun	1	昏	221
hun	1	荤	12
hun	1	阍	2
huo	1	豁	18
ji	1	乩	13
ji	1	几	2652
ji	1	击	209
ji	1	叽	16
ji	1	咭	12
ji	1	唧	162
ji	1	基	84
ji	1	姬	33
ji	1	屐	5
ji	1	嵇	2
ji	1	机	407
ji	1	激	195
ji	1	犄	3
ji	1	玑	3
ji	1	畸	8
ji	1	畿	4
ji	1	矶	15
ji	1	积	96
ji	1	稽	23
ji	1	笄	5
ji	1	箕	11
ji	1	缉	31
ji	1	羁	12
ji	1	肌	38
ji	1	讥	9
ji	1	赍	1
ji	1	跻	7
ji	1	隮	4
ji	1	饥	55
ji	1	鶺	1
ji	1	鸡	186
ji	1	齑	2
jia	1	佳	76
jia	1	加	478
jia	1	嘉	75
jia	1	夹	96
jia	1	家	4909
jia	1	枷	47
jia	1	浃	3
jia	1	珈	3
jia	1	葭	14
jia	1	袈	2
jia	1	跏	5
jian	1	兼	68
jian	1	坚	120
jian	1	奸	66
jian	1	尖	151
jian	1	搛	4
jian	1	歼	6
jian	1	煎	42
jian	1	监	185
jian	1	笺	17
jian	1	缄	1
jian	1	肩	119
jian	1	艰	56
jian	1	菅	5
jian	1	蒹	9
jian	1	蕳	4
jian	1	豜	2
jian	1	间	1803
jian	1	鞯	1
jian	1	鹣	1
jiang	1	僵	53
jiang	1	姜	52
jiang	1	将	2170
jiang	1	江	1191
jiang	1	浆	24
jiang	1	疆	46
jiang	1	缰	14
jiang	1	豇	1
jiao	1	交	571
jiao	1	姣	14
jiao	1	娇	124
jiao	1	憍	2
jiao	1	椒	39
jiao	1	浇	30
jiao	1	焦	97
jiao	1	礁	1
jiao	1	胶	22
jiao	1	艽	1
jiao	1	蕉	34
jiao	1	蛟	7
jiao	1	跤	14
jiao	1	郊	26
jiao	1	骄	38
jiao	1	鲛	13
jiao	1	鷮	1
jie	1	喈	22
jie	1	嗟	64
jie	1	接	969
jie	1	揭	92
jie	1	湝	2
jie	1	皆	522
jie	1	街	161
jie	1	阶	65
jin	1	今	2840
jin	1	堇	1
jin	1	巾	78
jin	1	斤	78
jin	1	津	13
jin	1	矜	15
jin	1	禁	260
jin	1	筋	70
jin	1	衿	6
jin	1	襟	47
jin	1	金	1063
jing	1	京	316
jing	1	兢	36
jing	1	惊	790
jing	1	旌	19
jing	1	晶	79
jing	1	泾	8
jing	1	睛	471
jing	1	粳	10
jing	1	精	325
jing	1	经	1345
jing	1	茎	34
jing	1	荆	38
jing	1	菁	22
jing	1	鲸	6
jiong	1	駉	14
jiu	1	啾	6
jiu	1	揪	62
jiu	1	樛	8
jiu	1	究	211
jiu	1	纠	35
jiu	1	赳	8
jiu	1	阄	7
jiu	1	鸠	20
ju	1	凥	1
ju	1	匊	4
ju	1	居	440
ju	1	拘	64
ju	1	掬	5
ju	1	椐	1
ju	1	狙	1
ju	1	琚	4
ju	1	砠	2
ju	1	罝	7
ju	1	苴	7
ju	1	裾	1
ju	1	雎	4
ju	1	鞠	13
ju	1	鞫	8
ju	1	驹	16
juan	1	娟	10
juan	1	捐	12
juan	1	蠲	8
juan	1	镌	8
juan	1	鹃	440
jue	1	撅	3
jun	1	军	436
jun	1	君	555
jun	1	均	25
jun	1	菌	17
jun	1	钧	3
jun	1	麕	5
ka	1	喀	5
kai	1	开	2405
kai	1	揩	3
kai	1	锎	1
kan	1	勘	13
kan	1	堪	106
kan	1	龛	2
kang	1	康	46
kang	1	忼	2
kang	1	慷	6
kang	1	糠	4
ke	1	嗑	6
ke	1	坷	5
ke	1	柯	12
ke	1	棵	34
ke	1	瞌	3
ke	1	磕	142
ke	1	科	22
ke	1	窠	2
ke	1	苛	13
ke	1	薖	2
ke	1	蝌	108
ke	1	轲	1
ke	1	颏	2
ke	1	颗	93
keng	1	坑	67
keng	1	铿	6
kong	1	崆	21
kong	1	空	975
kou	1	抠	10
ku	1	哭	863
ku	1	堀	1
ku	1	枯	61
ku	1	窟	24
ku	1	骷	20
kua	1	夸	38
kua	1	姱	11
kuan	1	宽	125
kuang	1	匡	8
kuang	1	哐	1
kuang	1	筐	30
kuang	1	诓	9
kui	1	亏	222
kui	1	盔	17
kui	1	窥	25
kun	1	坤	48
kun	1	昆	99
kun	1	髡	1
kun	1	鲲	4
kun	1	鹍	2
la	1	啦	131
la	1	拉	535
la	1	邋	4
lang	1	啷	7
lao	1	捞	17
liao	1	撩	22
lin	1	拎	21
liu	1	溜	129
lu	1	噜	25
lu	1	撸	3
lun	1	抡	14
luo	1	啰	78
luo	1	捋	13
ma	1	妈	1127
man	1	颟	1
mao	1	猫	38
meng	1	矇	1
meng	1	蒙	178
mi	1	咪	3
mi	1	眯	51
miao	1	喵	1
mie	1	乜	6
mo	1	摸	319
nang	1	囔	11
ni	1	妮	1
nian	1	拈	51
nie	1	捏	99
niu	1	妞	12
o	1	喔	3
ou	1	欧	24
ou	1	殴	12
ou	1	瓯	1
ou	1	讴	5
ou	1	鸥	5
pa	1	啪	20
pa	1	葩	4
pa	1	趴	57
pai	1	拍	225
pan	1	攀	26
pan	1	潘	180
pang	1	乓	14
pang	1	滂	6
pang	1	雱	2
pao	1	抛	64
pei	1	呸	25
pei	1	醅	1
pen	1	喷	77
peng	1	嘭	9
peng	1	怦	15
peng	1	烹	21
peng	1	砰	6
pi	1	伾	2
pi	1	劈	69
pi	1	噼	4
pi	1	批	45
pi	1	披	117
pi	1	砒	7
pi	1	秠	2
pi	1	纰	7
pi	1	霹	11
pi	1	駓	3
pian	1	偏	387
pian	1	篇	412
pian	1	翩	47
piao	1	剽	1
piao	1	嘌	2
piao	1	漂	117
piao	1	飘	237
pie	1	撇	23
pie	1	瞥	12
pin	1	姘	1
pin	1	拼	157
ping	1	乒	10
ping	1	娉	1
ping	1	頩	2
po	1	坡	65
po	1	泼	91
po	1	颇	34
pou	1	剖	11
pu	1	仆	66
pu	1	噗	13
pu	1	扑	164
pu	1	痡	2
pu	1	铺	180
qi	1	七	534
qi	1	僛	2
qi	1	凄	98
qi	1	嘁	12
qi	1	妻	228
qi	1	悽	3
qi	1	慼	1
qi	1	戚	158
qi	1	期	143
qi	1	栖	30
qi	1	棲	2
qi	1	欹	2
qi	1	欺	140
qi	1	沏	14
qi	1	漆	90
qi	1	萋	21
qi	1	蹊	4
qia	1	掐	63
qian	1	佥	1
qian	1	千	5281
qian	1	愆	11
qian	1	搴	6
qian	1	牵	121
qian	1	签	56
qian	1	褰	7
qian	1	谦	54
qian	1	迁	122
qian	1	铅	1
qian	1	阡	525
qian	1	骞	4
qiang	1	呛	11
qiang	1	戕	4
qiang	1	戗	3
qiang	1	抢	188
qiang	1	斨	6
qiang	1	枪	120
qiang	1	玱	3
qiang	1	羌	18
qiang	1	腔	39
qiang	1	跄	56
qiang	1	锵	15
qiao	1	敲	87
qiao	1	橇	4
qiao	1	跷	8
qiao	1	蹻	10
qiao	1	锹	5
qie	1	切	537
qin	1	亲	1526
qin	1	侵	41
qin	1	綅	1
qin	1	衾	32
qin	1	钦	36
qin	1	骎	4
qing	1	倾	85
qing	1	卿	643
qing	1	圊	1
qing	1	清	1255
qing	1	蜻	4
qing	1	轻	1387
qing	1	青	537
qiu	1	丘	55
qiu	1	楸	5
qiu	1	湫	3
qiu	1	秋	488
qiu	1	邱	10
qiu	1	鳅	6
qiu	1	鹙	1
qu	1	区	31
qu	1	屈	160
qu	1	岖	5
qu	1	曲	188
qu	1	祛	7
qu	1	蛆	11
qu	1	蛐	6
qu	1	袪	3
qu	1	诎	1
qu	1	趋	15
qu	1	躯	19
qu	1	驱	76
quan	1	圈	143
que	1	缺	57
que	1	阙	8
qun	1	囷	2
qun	1	逡	2
reng	1	扔	114
sa	1	仨	1
sa	1	撒	167
sai	1	塞	96
sai	1	腮	40
san	1	三	2424
san	1	叁	1
sang	1	丧	146
sang	1	桑	87
sao	1	搔	5
sao	1	臊	58
sao	1	骚	22
sen	1	森	47
sen	1	椮	1
seng	1	僧	111
sha	1	杀	1528
sha	1	榝	2
sha	1	沙	93
sha	1	煞	51
sha	1	砂	14
sha	1	纱	133
sha	1	裟	2
sha	1	鲨	2
shai	1	筛	5
shan	1	删	11
shan	1	山	2344
shan	1	杉	2
shan	1	潸	4
shan	1	煽	5
shan	1	珊	10
shan	1	膻	6
shan	1	芟	4
shan	1	衫	29
shang	1	伤	948
shang	1	商	314
shang	1	殇	3
shang	1	觞	8
shao	1	捎	11
shao	1	梢	27
shao	1	烧	251
shao	1	稍	89
shao	1	艄	13
shao	1	萷	1
she	1	奢	15
she	1	猞	2
she	1	畬	1
she	1	赊	8
shen	1	伸	339
shen	1	侁	2
shen	1	呻	13
shen	1	深	785
shen	1	甡	2
shen	1	申	70
shen	1	穼	1
shen	1	绅	7
shen	1	莘	6
shen	1	诜	4
shen	1	身	3694
shen	1	駪	4
sheng	1	升	165
sheng	1	声	2210
sheng	1	牲	53
sheng	1	生	2797
sheng	1	甥	33
sheng	1	笙	161
sheng	1	苼	1
shi	1	失	704
shi	1	尸	154
shi	1	师	2254
shi	1	施	248
shi	1	湿	83
shi	1	狮	24
shi	1	葹	2
shi	1	蓍	5
shi	1	虱	4
shi	1	诗	386
shi	1	酾	4
shi	1	鸤	7
shou	1	收	868
shu	1	书	1265
shu	1	倏	17
shu	1	叔	434
shu	1	姝	12
shu	1	抒	2
shu	1	摅	2
shu	1	枢	8
shu	1	梳	111
shu	1	殊	41
shu	1	殳	3
shu	1	淑	37
shu	1	疏	112
shu	1	纾	2
shu	1	舒	91
shu	1	菽	13
shu	1	蔬	24
shu	1	输	171
shua	1	刷	19
shua	1	唰	5
shuai	1	摔	101
shuai	1	衰	38
shuan	1	拴	91
shuan	1	栓	1
shuan	1	闩	10
shuang	1	双	433
shuang	1	孀	4
shuang	1	霜	124
shuang	1	鹴	1
shuo	1	说	13853
si	1	丝	414
si	1	厮	282
si	1	司	251
si	1	嘶	25
si	1	思	894
si	1	撕	76
si	1	斯	150
si	1	澌	5
si	1	私	215
song	1	娀	2
song	1	崧	3
song	1	嵩	2
song	1	忪	4
song	1	松	730
sou	1	嗖	30
sou	1	搜	97
sou	1	艘	4
sou	1	锼	1
sou	1	飕	7
sou	1	馊	1
su	1	苏	90
su	1	酥	43
suan	1	狻	2
suan	1	酸	155
sui	1	虽	1371
sun	1	孙	446
sun	1	狲	5
sun	1	荪	7
sun	1	飧	5
suo	1	傞	2
suo	1	唆	40
suo	1	嗦	15
suo	1	娑	8
suo	1	挲	9
suo	1	梭	5
suo	1	缩	71
suo	1	莎	2
suo	1	蓑	11
ta	1	他	14710
ta	1	塌	54
ta	1	她	5827
ta	1	它	394
tai	1	胎	61
tan	1	啴	12
tan	1	坍	10
tan	1	摊	17
tan	1	滩	31
tan	1	瘫	17
tan	1	贪	119
tang	1	汤	253
tang	1	镗	3
tao	1	叨	52
tao	1	慆	12
tao	1	掏	88
tao	1	槄	1
tao	1	涛	66
tao	1	滔	64
tao	1	绦	16
tao	1	饕	2
ti	1	剔	40
ti	1	梯	41
ti	1	踢	85
tian	1	天	4395
tian	1	添	211
tiao	1	佻	11
tiao	1	恌	3
tiao	1	挑	244
tiao	1	祧	1
tie	1	贴	171
ting	1	厅	154
ting	1	听	4231
ting	1	汀	4
tong	1	通	562
tou	1	偷	361
tou	1	媮	1
tu	1	凸	15
tu	1	嶀	1
tu	1	秃	26
tu	1	突	690
tuan	1	湍	6
tui	1	推	366
tui	1	蓷	6
tun	1	吞	97
tun	1	暾	1
tun	1	焞	2
tuo	1	乇	2
tuo	1	托	218
tuo	1	拖	150
tuo	1	脱	265
wa	1	哇	58
wa	1	娲	63
wa	1	挖	48
wa	1	洼	14
wa	1	窐	1
wa	1	蛙	2
wai	1	歪	107
wan	1	剜	8
wan	1	弯	99
wan	1	湾	5
wan	1	蜿	14
wan	1	豌	3
wang	1	汪	26
wei	1	偎	3
wei	1	危	140
wei	1	威	180
wei	1	巍	32
wei	1	微	926
wei	1	煨	4
wei	1	葳	4
wei	1	薇	37
wei	1	蜲	2
wei	1	逶	16
wei	1	隈	2
wen	1	温	337
wen	1	瘟	7
weng	1	嗡	33
weng	1	翁	72
wo	1	倭	9
wo	1	涡	2
wo	1	窝	100
wu	1	乌	76
wu	1	呜	242
wu	1	屋	628
wu	1	巫	16
wu	1	汙	5
wu	1	污	48
wu	1	洿	1
wu	1	诬	8
wu	1	邬	1
xi	1	兮	1555
xi	1	吸	170
xi	1	唏	3
xi	1	嘻	128
xi	1	夕	185
xi	1	奚	13
xi	1	娭	2
xi	1	嬉	15
xi	1	希	152
xi	1	息	548
xi	1	悉	116
xi	1	惜	440
xi	1	昔	81
xi	1	晞	10
xi	1	晰	18
xi	1	晳	1
xi	1	曦	2
xi	1	析	8
xi	1	樨	3
xi	1	欷	8
xi	1	汐	1
xi	1	淅	11
xi	1	溪	53
xi	1	潝	2
xi	1	熄	6
xi	1	熙	37
xi	1	熹	1
xi	1	牺	38
xi	1	犀	19
xi	1	皙	20
xi	1	稀	53
xi	1	穸	1
xi	1	糦	1
xi	1	羲	78
xi	1	翕	4
xi	1	膝	56
xi	1	螅	1
xi	1	蟋	11
xi	1	蠵	1
xi	1	裼	3
xi	1	西	1307
xi	1	觽	3
xi	1	豨	1
xi	1	锡	44
xi	1	饎	3
xia	1	呷	5
xia	1	瞎	64
xia	1	虾	23
xian	1	仙	1706
xian	1	先	1422
xian	1	嘕	1
xian	1	掀	69
xian	1	暹	4
xian	1	纤	36
xian	1	跹	3
xian	1	锨	5
xian	1	鲜	239
xiang	1	乡	120
xiang	1	厢	35
xiang	1	湘	615
xiang	1	相	1204
xiang	1	箱	82
xiang	1	纕	3
xiang	1	襄	29
xiang	1	镶	22
xiang	1	香	1183
xiang	1	骧	1
xiao	1	削	17
xiao	1	哓	4
xiao	1	嚣	10
xiao	1	宵	39
xiao	1	枭	2
xiao	1	櫹	1
xiao	1	消	354
xiao	1	潇	97
xiao	1	烋	1
xiao	1	硝	20
xiao	1	箫	215
xiao	1	绡	13
xiao	1	翛	4
xiao	1	肖	13
xiao	1	萧	55
xiao	1	虓	1
xiao	1	蛸	2
xiao	1	蟏	2
xiao	1	逍	19
xiao	1	销	48
xiao	1	霄	27
xiao	1	魈	3
xiao	1	鸮	12
xie	1	些	3357
xie	1	揳	1
xie	1	歇	379
xie	1	蝎	14
xin	1	心	5964
xin	1	新	870
xin	1	昕	1
xin	1	欣	60
xin	1	歆	3
xin	1	薪	32
xin	1	辛	95
xin	1	馨	9
xing	1	兴	564
xing	1	惺	19
xing	1	星	358
xing	1	猩	35
xing	1	腥	73
xing	1	骍	8
xiong	1	兄	784
xiong	1	凶	102
xiong	1	匈	2
xiong	1	汹	27
xiong	1	胸	149
xiong	1	芎	2
xiong	1	讻	3
xiu	1	休	202
xiu	1	修	381
xiu	1	咻	2
xiu	1	羞	127
xiu	1	脩	25
xiu	1	貅	1
xiu	1	馐	1
xiu	1	鸺	3
xu	1	吁	50
xu	1	嘘	22
xu	1	墟	138
xu	1	媭	1
xu	1	戌	8
xu	1	歔	1
xu	1	盱	2
xu	1	胥	22
xu	1	虚	358
xu	1	訏	4
xu	1	需	185
xu	1	须	236
xu	1	顼	1
xuan	1	儇	3
xuan	1	喧	16
xuan	1	宣	79
xuan	1	揎	4
xuan	1	暄	6
xuan	1	翾	1
xuan	1	萱	6
xuan	1	谖	10
xuan	1	轩	283
xuan	1	鞙	2
xuan	1	駽	1
xue	1	薛	1017
xue	1	靴	28
xun	1	勋	16
xun	1	埙	3
xun	1	熏	51
xun	1	纁	1
xun	1	薰	119
xun	1	醺	13
ya	1	丫	1366
ya	1	压	216
ya	1	吖	2
ya	1	呀	90
ya	1	押	171
ya	1	枒	1
ya	1	桠	4
ya	1	鸦	28
ya	1	鸭	28
yan	1	咽	138
yan	1	嫣	6
yan	1	崦	1
yan	1	恹	12
yan	1	淹	33
yan	1	渰	1
yan	1	湮	6
yan	1	烟	307
yan	1	焉	119
yan	1	胭	30
yan	1	菸	1
yang	1	央	112
yang	1	殃	10
yang	1	泱	6
yang	1	秧	1
yang	1	鞅	1
yang	1	鸯	444
yao	1	吆	20
yao	1	喓	5
yao	1	夭	43
yao	1	妖	1047
yao	1	幺	26
yao	1	殀	1
yao	1	腰	209
yao	1	葽	2
yao	1	邀	46
ye	1	噎	18
ye	1	椰	1
yi	1	一	25234
yi	1	伊	66
yi	1	依	934
yi	1	医	155
yi	1	咿	7
yi	1	噫	5
yi	1	壹	11
yi	1	揖	43
yi	1	猗	30
yi	1	衣	964
yi	1	鹥	7
yin	1	喑	1
yin	1	因	2582
yin	1	姻	47
yin	1	愔	1
yin	1	慇	2
yin	1	殷	91
yin	1	氤	5
yin	1	洇	1
yin	1	瘖	1
yin	1	禋	6
yin	1	茵	3
yin	1	荫	21
yin	1	闉	2
yin	1	阴	239
yin	1	霠	1
yin	1	音	607
yin	1	骃	3
ying	1	嘤	6
ying	1	婴	23
ying	1	媖	1
ying	1	应	1448
ying	1	樱	16
ying	1	瑛	8
ying	1	璎	10
ying	1	缨	17
ying	1	膺	12
ying	1	英	210
ying	1	莺	152
ying	1	蘡	1
ying	1	鹦	21
ying	1	鹰	17
yo	1	哟	89
yong	1	佣	4
yong	1	墉	8
yong	1	壅	11
yong	1	庸	23
yong	1	廱	2
yong	1	慵	11
yong	1	拥	91
yong	1	鄘	3
yong	1	镛	2
yong	1	雍	3
yong	1	雝	24
yong	1	饔	1
yong	1	鳙	1
you	1	优	59
you	1	呦	10
you	1	幽	376
you	1	忧	265
you	1	悠	148
you	1	懮	2
you	1	攸	27
you	1	浟	2
you	1	滺	3
you	1	麀	4
yu	1	淤	4
yu	1	瘀	1
yu	1	纡	8
yu	1	迂	13
yuan	1	冤	96
yuan	1	悁	3
yuan	1	渊	56
yuan	1	蜎	4
yuan	1	鸢	7
yuan	1	鸳	454
yue	1	曰	269
yue	1	矱	1
yue	1	约	231
yun	1	氲	6
za	1	匝	3
za	1	咂	10
za	1	扎	184
za	1	拶	1
za	1	臜	2
zai	1	哉	106
zai	1	栽	65
zai	1	灾	47
zan	1	簪	57
zang	1	牂	5
zang	1	臧	32
zang	1	赃	24
zao	1	糟	94
zao	1	遭	180
zeng	1	增	55
zeng	1	憎	21
zeng	1	曾	549
zeng	1	矰	1
zeng	1	缯	1
zeng	1	罾	1
zha	1	哳	1
zha	1	喳	23
zha	1	楂	1
zha	1	渣	9
zhai	1	摘	48
zhai	1	斋	51
zhan	1	占	101
zhan	1	旃	11
zhan	1	毡	40
zhan	1	氈	3
zhan	1	沾	103
zhan	1	瞻	55
zhan	1	詹	27
zhan	1	谵	2
zhan	1	邅	3
zhan	1	鱣	2
zhan	1	鳣	3
zhan	1	鹯	1
zhang	1	张	1075
zhang	1	彰	3
zhang	1	漳	1
zhang	1	獐	4
zhang	1	璋	5
zhang	1	章	446
zhang	1	粻	2
zhang	1	鄣	5
zhao	1	招	291
zhao	1	昭	67
zhao	1	朝	400
zhao	1	钊	1
zhe	1	折	272
zhe	1	遮	66
zhen	1	侦	5
zhen	1	斟	115
zhen	1	桢	1
zhen	1	榛	14
zhen	1	溱	11
zhen	1	珍	608
zhen	1	甄	124
zhen	1	真	1525
zhen	1	砧	7
zhen	1	祯	2
zhen	1	箴	5
zhen	1	胗	1
zhen	1	臻	11
zhen	1	蓁	7
zhen	1	贞	13
zhen	1	鍼	3
zhen	1	针	159
zheng	1	争	201
zheng	1	峥	2
zheng	1	崝	1
zheng	1	征	72
zheng	1	怔	132
zheng	1	烝	39
zheng	1	狰	16
zheng	1	睁	285
zheng	1	筝	23
zheng	1	蒸	32
zheng	1	钲	1
zheng	1	铮	1
zhi	1	之	5931
zhi	1	只	7407
zhi	1	吱	27
zhi	1	支	197
zhi	1	枝	177
zhi	1	汁	17
zhi	1	疷	1
zhi	1	知	5134
zhi	1	祗	14
zhi	1	稙	1
zhi	1	织	50
zhi	1	肢	38
zhi	1	脂	76
zhi	1	芝	5
zhi	1	蜘	2
zhi	1	鳷	1
zhong	1	中	4267
zhong	1	忠	127
zhong	1	盅	8
zhong	1	终	772
zhong	1	螽	11
zhong	1	衷	20
zhong	1	钟	264
zhong	1	锺	1
zhou	1	侜	3
zhou	1	周	886
zhou	1	啁	1
zhou	1	州	337
zhou	1	洲	34
zhou	1	盩	4
zhou	1	粥	50
zhou	1	舟	65
zhou	1	诌	22
zhou	1	輈	3
zhu	1	朱	256
zhu	1	株	36
zhu	1	猪	93
zhu	1	珠	246
zhu	1	蛛	5
zhu	1	诛	40
zhu	1	诸	208
zhu	1	铢	2
zhua	1	抓	275
zhua	1	挝	1
zhuan	1	专	111
zhuan	1	砖	10
zhuan	1	颛	1
zhuang	1	妆	105
zhuang	1	庄	387
zhuang	1	桩	9
zhuang	1	装	264
zhui	1	椎	3
zhui	1	追	214
zhui	1	锥	10
zhui	1	隹	2
zhui	1	骓	8
zhui	1	鵻	4
zhun	1	啍	4
zhun	1	窀	1
zhun	1	谆	17
zhuo	1	倬	6
zhuo	1	拙	22
zhuo	1	捉	177
zhuo	1	桌	304
zhuo	1	焯	1
zhuo	1	穱	1
zi	1	仔	93
zi	1	兹	31
zi	1	呲	2
zi	1	咨	22
zi	1	姿	73
zi	1	孳	1
zi	1	嵫	1
zi	1	淄	1
zi	1	滋	59
zi	1	粢	1
zi	1	缁	9
zi	1	菑	3
zi	1	訾	1
zi	1	资	80
zi	1	辎	1
zi	1	锱	2
zi	1	髭	1
zi	1	鼒	1
zi	1	龇	5
zong	1	宗	422
zong	1	棕	3
zong	1	综	2
zong	1	豵	6
zong	1	踪	79
zong	1	鬃	8
zong	1	鬷	4
zou	1	棸	1
zou	1	诹	2
zou	1	邹	26
zou	1	陬	2
zou	1	驺	5
zu	1	租	19
zu	1	菹	4
zu	1	蒩	1
zuan	1	钻	96
zun	1	噂	1
zun	1	尊	763
zun	1	樽	4
zun	1	遵	57
zun	1	鐏	1
zun	1	鳟	3
